के,/tmp/cache/data_book/fasttext/hi/के.mp3
।,/tmp/cache/data_book/fasttext/hi/।.mp3
है,/tmp/cache/data_book/fasttext/hi/है.mp3
में,/tmp/cache/data_book/fasttext/hi/में.mp3
',/tmp/cache/data_book/fasttext/hi/'.mp3
की,/tmp/cache/data_book/fasttext/hi/की.mp3
का,/tmp/cache/data_book/fasttext/hi/का.mp3
से,/tmp/cache/data_book/fasttext/hi/से.mp3
-,/tmp/cache/data_book/fasttext/hi/-.mp3
और,/tmp/cache/data_book/fasttext/hi/और.mp3
को,/tmp/cache/data_book/fasttext/hi/को.mp3
हैं,/tmp/cache/data_book/fasttext/hi/हैं.mp3
>,/tmp/cache/data_book/fasttext/hi/>.mp3
पर,/tmp/cache/data_book/fasttext/hi/पर.mp3
एक,/tmp/cache/data_book/fasttext/hi/एक.mp3
भी,/tmp/cache/data_book/fasttext/hi/भी.mp3
ने,/tmp/cache/data_book/fasttext/hi/ने.mp3
लिए,/tmp/cache/data_book/fasttext/hi/लिए.mp3
कि,/tmp/cache/data_book/fasttext/hi/कि.mp3
किया,/tmp/cache/data_book/fasttext/hi/किया.mp3
था,/tmp/cache/data_book/fasttext/hi/था.mp3
नहीं,/tmp/cache/data_book/fasttext/hi/नहीं.mp3
ही,/tmp/cache/data_book/fasttext/hi/ही.mp3
यह,/tmp/cache/data_book/fasttext/hi/यह.mp3
इस,/tmp/cache/data_book/fasttext/hi/इस.mp3
कर,/tmp/cache/data_book/fasttext/hi/कर.mp3
हो,/tmp/cache/data_book/fasttext/hi/हो.mp3
गया,/tmp/cache/data_book/fasttext/hi/गया.mp3
तो,/tmp/cache/data_book/fasttext/hi/तो.mp3
},/tmp/cache/data_book/fasttext/hi/}.mp3
’,/tmp/cache/data_book/fasttext/hi/’.mp3
‘,/tmp/cache/data_book/fasttext/hi/‘.mp3
किस,/tmp/cache/data_book/fasttext/hi/किस.mp3
करने,/tmp/cache/data_book/fasttext/hi/करने.mp3
भारत,/tmp/cache/data_book/fasttext/hi/भारत.mp3
जाता,/tmp/cache/data_book/fasttext/hi/जाता.mp3
जो,/tmp/cache/data_book/fasttext/hi/जो.mp3
साथ,/tmp/cache/data_book/fasttext/hi/साथ.mp3
अपने,/tmp/cache/data_book/fasttext/hi/अपने.mp3
या,/tmp/cache/data_book/fasttext/hi/या.mp3
थी,/tmp/cache/data_book/fasttext/hi/थी.mp3
द्वारा,/tmp/cache/data_book/fasttext/hi/द्वारा.mp3
