',/tmp/cache/data_book/fasttext/mr/'.mp3
-,/tmp/cache/data_book/fasttext/mr/-.mp3
आहे,/tmp/cache/data_book/fasttext/mr/आहे.mp3
आणि,/tmp/cache/data_book/fasttext/mr/आणि.mp3
},/tmp/cache/data_book/fasttext/mr/}.mp3
या,/tmp/cache/data_book/fasttext/mr/या.mp3
व,/tmp/cache/data_book/fasttext/mr/व.mp3
हे,/tmp/cache/data_book/fasttext/mr/हे.mp3
एक,/tmp/cache/data_book/fasttext/mr/एक.mp3
हा,/tmp/cache/data_book/fasttext/mr/हा.mp3
नाही,/tmp/cache/data_book/fasttext/mr/नाही.mp3
ते,/tmp/cache/data_book/fasttext/mr/ते.mp3
आहेत,/tmp/cache/data_book/fasttext/mr/आहेत.mp3
होते,/tmp/cache/data_book/fasttext/mr/होते.mp3
तर,/tmp/cache/data_book/fasttext/mr/तर.mp3
the,/tmp/cache/data_book/fasttext/mr/the.mp3
ही,/tmp/cache/data_book/fasttext/mr/ही.mp3
#,/tmp/cache/data_book/fasttext/mr/#.mp3
�,/tmp/cache/data_book/fasttext/mr/�.mp3
पण,/tmp/cache/data_book/fasttext/mr/पण.mp3
असे,/tmp/cache/data_book/fasttext/mr/असे.mp3
"""","/tmp/cache/data_book/fasttext/mr/"".mp3"
काही,/tmp/cache/data_book/fasttext/mr/काही.mp3
त्या,/tmp/cache/data_book/fasttext/mr/त्या.mp3
’,/tmp/cache/data_book/fasttext/mr/’.mp3
मी,/tmp/cache/data_book/fasttext/mr/मी.mp3
of,/tmp/cache/data_book/fasttext/mr/of.mp3
होता,/tmp/cache/data_book/fasttext/mr/होता.mp3
इ.स,/tmp/cache/data_book/fasttext/mr/इ.स.mp3
तो,/tmp/cache/data_book/fasttext/mr/तो.mp3
होती,/tmp/cache/data_book/fasttext/mr/होती.mp3
मराठी,/tmp/cache/data_book/fasttext/mr/मराठी.mp3
|,/tmp/cache/data_book/fasttext/mr/|.mp3
की,/tmp/cache/data_book/fasttext/mr/की.mp3
केले,/tmp/cache/data_book/fasttext/mr/केले.mp3
केली,/tmp/cache/data_book/fasttext/mr/केली.mp3
to,/tmp/cache/data_book/fasttext/mr/to.mp3
म्हणून,/tmp/cache/data_book/fasttext/mr/म्हणून.mp3
‘,/tmp/cache/data_book/fasttext/mr/‘.mp3
यांनी,/tmp/cache/data_book/fasttext/mr/यांनी.mp3
